﻿{"cameraMode":{"drawMode":0,"name":"Shaded","section":"Shading Mode"},"sceneLighting":false,"audioPlay":false,"sceneViewState":{"showFog":true,"showMaterialUpdate":false,"showSkybox":false,"showFlares":true,"showImageEffects":true,"showParticleSystems":true},"in2DMode":false,"pivot":{"x":0.12999999523162843,"y":1.2999999523162842,"z":-14.15999984741211},"rotation":{"x":-0.4540737271308899,"y":-0.006354521494358778,"z":0.0034628910943865778,"w":-0.8910176157951355},"size":6.987734317779541,"orthographic":false}